test_id,label
0,Pasture
1,River
10,SeaLake
100,SeaLake
1000,Pasture
1001,SeaLake
1002,AnnualCrop
1003,Pasture
1004,SeaLake
1005,SeaLake
1006,SeaLake
1007,HerbaceousVegetation
1008,Pasture
1009,Pasture
101,Residential
1010,Pasture
1011,Industrial
1012,Industrial
1013,SeaLake
1014,Industrial
1015,SeaLake
1016,Forest
1017,Forest
1018,Forest
1019,PermanentCrop
102,Forest
1020,SeaLake
1021,AnnualCrop
1022,PermanentCrop
1023,Residential
1024,River
1025,PermanentCrop
1026,HerbaceousVegetation
1027,Forest
1028,SeaLake
1029,Highway
103,Residential
1030,Residential
1031,AnnualCrop
1032,SeaLake
1033,SeaLake
1034,SeaLake
1035,Forest
1036,Forest
1037,PermanentCrop
1038,Residential
1039,AnnualCrop
104,Pasture
1040,HerbaceousVegetation
1041,SeaLake
1042,Industrial
1043,River
1044,River
1045,Residential
1046,SeaLake
1047,SeaLake
1048,AnnualCrop
1049,Residential
105,Pasture
1050,SeaLake
1051,AnnualCrop
1052,PermanentCrop
1053,HerbaceousVegetation
1054,SeaLake
1055,Pasture
1056,AnnualCrop
1057,SeaLake
1058,SeaLake
1059,Pasture
106,Forest
1060,PermanentCrop
1061,Forest
1062,SeaLake
1063,PermanentCrop
1064,River
1065,HerbaceousVegetation
1066,HerbaceousVegetation
1067,River
1068,PermanentCrop
1069,SeaLake
107,PermanentCrop
1070,Forest
1071,HerbaceousVegetation
1072,Highway
1073,Residential
1074,Forest
1075,PermanentCrop
1076,Forest
1077,SeaLake
1078,Pasture
1079,Residential
108,SeaLake
1080,Forest
1081,Highway
1082,HerbaceousVegetation
1083,Forest
1084,AnnualCrop
1085,Highway
1086,AnnualCrop
1087,Pasture
1088,Forest
1089,Highway
109,Industrial
1090,PermanentCrop
1091,Residential
1092,Forest
1093,PermanentCrop
1094,SeaLake
1095,Forest
1096,SeaLake
1097,SeaLake
1098,Residential
1099,Forest
11,SeaLake
110,Industrial
1100,SeaLake
1101,River
1102,Pasture
1103,AnnualCrop
1104,Highway
1105,SeaLake
1106,Highway
1107,PermanentCrop
1108,SeaLake
1109,Pasture
111,Pasture
1110,AnnualCrop
1111,AnnualCrop
1112,PermanentCrop
1113,AnnualCrop
1114,Forest
1115,Forest
1116,AnnualCrop
1117,Pasture
1118,Pasture
1119,Highway
112,Forest
1120,Forest
1121,HerbaceousVegetation
1122,Pasture
1123,Pasture
1124,Residential
1125,Industrial
1126,HerbaceousVegetation
1127,Forest
1128,Industrial
1129,Residential
113,PermanentCrop
1130,Pasture
1131,SeaLake
1132,HerbaceousVegetation
1133,Forest
1134,Highway
1135,Residential
1136,Industrial
1137,Forest
1138,SeaLake
1139,HerbaceousVegetation
114,HerbaceousVegetation
1140,PermanentCrop
1141,SeaLake
1142,PermanentCrop
1143,SeaLake
1144,Forest
1145,HerbaceousVegetation
1146,Residential
1147,Pasture
1148,Residential
1149,Pasture
115,SeaLake
1150,Residential
1151,Highway
1152,AnnualCrop
1153,SeaLake
1154,Forest
1155,PermanentCrop
1156,AnnualCrop
1157,AnnualCrop
1158,SeaLake
1159,Forest
116,Forest
1160,PermanentCrop
1161,Highway
1162,Pasture
1163,AnnualCrop
1164,HerbaceousVegetation
1165,Forest
1166,HerbaceousVegetation
1167,Residential
1168,Residential
1169,Highway
117,PermanentCrop
1170,SeaLake
1171,Highway
1172,Forest
1173,PermanentCrop
1174,AnnualCrop
1175,AnnualCrop
1176,AnnualCrop
1177,Forest
1178,Highway
1179,AnnualCrop
118,SeaLake
1180,PermanentCrop
1181,HerbaceousVegetation
1182,Highway
1183,SeaLake
1184,Industrial
1185,Industrial
1186,Residential
1187,Forest
1188,Forest
1189,Pasture
119,Industrial
1190,Pasture
1191,SeaLake
1192,Highway
1193,Pasture
1194,Industrial
1195,Residential
1196,SeaLake
1197,SeaLake
1198,Forest
1199,HerbaceousVegetation
12,HerbaceousVegetation
120,SeaLake
1200,SeaLake
1201,PermanentCrop
1202,SeaLake
1203,Forest
1204,SeaLake
1205,Forest
1206,River
1207,Pasture
1208,HerbaceousVegetation
1209,Pasture
121,SeaLake
1210,PermanentCrop
1211,Pasture
1212,Forest
1213,River
1214,HerbaceousVegetation
1215,Forest
1216,SeaLake
1217,SeaLake
1218,Highway
1219,Highway
122,AnnualCrop
1220,Industrial
1221,SeaLake
1222,SeaLake
1223,SeaLake
1224,River
1225,SeaLake
1226,Pasture
1227,River
1228,Highway
1229,Pasture
123,SeaLake
1230,River
1231,Residential
1232,SeaLake
1233,Forest
1234,AnnualCrop
1235,Forest
1236,PermanentCrop
1237,Highway
1238,Forest
1239,Highway
124,Pasture
1240,Pasture
1241,SeaLake
1242,Pasture
1243,Forest
1244,PermanentCrop
1245,SeaLake
1246,SeaLake
1247,Pasture
1248,AnnualCrop
1249,HerbaceousVegetation
125,SeaLake
1250,Highway
1251,Residential
1252,Forest
1253,SeaLake
1254,PermanentCrop
1255,Forest
1256,SeaLake
1257,Pasture
1258,AnnualCrop
1259,SeaLake
126,Forest
1260,Forest
1261,Industrial
1262,Forest
1263,Residential
1264,PermanentCrop
1265,AnnualCrop
1266,Pasture
1267,Forest
1268,HerbaceousVegetation
1269,Industrial
127,AnnualCrop
1270,Forest
1271,Pasture
1272,Forest
1273,Highway
1274,Forest
1275,Pasture
1276,AnnualCrop
1277,Pasture
1278,PermanentCrop
1279,SeaLake
128,PermanentCrop
1280,PermanentCrop
1281,SeaLake
1282,SeaLake
1283,Highway
1284,Highway
1285,SeaLake
1286,AnnualCrop
1287,AnnualCrop
1288,River
1289,Residential
129,Industrial
1290,Forest
1291,Residential
1292,SeaLake
1293,SeaLake
1294,SeaLake
1295,Residential
1296,PermanentCrop
1297,Pasture
1298,Pasture
1299,Forest
13,Industrial
130,AnnualCrop
1300,Residential
1301,SeaLake
1302,PermanentCrop
1303,Residential
1304,SeaLake
1305,Forest
1306,Forest
1307,River
1308,Highway
1309,Highway
131,Highway
1310,HerbaceousVegetation
1311,SeaLake
1312,HerbaceousVegetation
1313,Pasture
1314,Forest
1315,PermanentCrop
1316,Pasture
1317,Forest
1318,Pasture
1319,SeaLake
132,SeaLake
1320,Forest
1321,SeaLake
1322,SeaLake
1323,SeaLake
1324,Forest
1325,Industrial
1326,Industrial
1327,Highway
1328,Residential
1329,Highway
133,Forest
1330,SeaLake
1331,SeaLake
1332,SeaLake
1333,SeaLake
1334,Residential
1335,Residential
1336,PermanentCrop
1337,Pasture
1338,Forest
1339,PermanentCrop
134,Pasture
1340,River
1341,SeaLake
1342,SeaLake
1343,Residential
1344,Pasture
1345,SeaLake
1346,Residential
1347,Pasture
1348,AnnualCrop
1349,SeaLake
135,AnnualCrop
1350,Pasture
1351,SeaLake
1352,Highway
1353,Highway
1354,HerbaceousVegetation
1355,Industrial
1356,SeaLake
1357,PermanentCrop
1358,PermanentCrop
1359,AnnualCrop
136,Forest
1360,Forest
1361,River
1362,Highway
1363,SeaLake
1364,Highway
1365,SeaLake
1366,HerbaceousVegetation
1367,PermanentCrop
1368,Residential
1369,SeaLake
137,Forest
1370,River
1371,Residential
1372,AnnualCrop
1373,Forest
1374,Forest
1375,PermanentCrop
1376,Forest
1377,SeaLake
1378,PermanentCrop
1379,Pasture
138,River
1380,AnnualCrop
1381,Highway
1382,PermanentCrop
1383,HerbaceousVegetation
1384,Residential
1385,PermanentCrop
1386,Highway
1387,SeaLake
1388,Residential
1389,Pasture
139,SeaLake
1390,Pasture
1391,SeaLake
1392,SeaLake
1393,SeaLake
1394,AnnualCrop
1395,PermanentCrop
1396,SeaLake
1397,PermanentCrop
1398,Industrial
1399,Pasture
14,Forest
140,AnnualCrop
1400,Highway
1401,PermanentCrop
1402,Industrial
1403,Industrial
1404,Pasture
1405,Pasture
1406,Forest
1407,PermanentCrop
1408,SeaLake
1409,HerbaceousVegetation
141,SeaLake
1410,Pasture
1411,SeaLake
1412,River
1413,Pasture
1414,Highway
1415,AnnualCrop
1416,Forest
1417,Forest
1418,SeaLake
1419,AnnualCrop
142,AnnualCrop
1420,Residential
1421,Forest
1422,Highway
1423,SeaLake
1424,Highway
1425,SeaLake
1426,HerbaceousVegetation
1427,Industrial
1428,SeaLake
1429,SeaLake
143,HerbaceousVegetation
1430,River
1431,Forest
1432,HerbaceousVegetation
1433,SeaLake
1434,PermanentCrop
1435,Pasture
1436,Forest
1437,Pasture
1438,SeaLake
1439,Highway
144,Highway
1440,PermanentCrop
1441,Pasture
1442,HerbaceousVegetation
1443,Highway
1444,Highway
1445,Highway
1446,Pasture
1447,Residential
1448,Pasture
1449,Forest
145,Highway
1450,Residential
1451,Highway
1452,Industrial
1453,Forest
1454,SeaLake
1455,Pasture
1456,Industrial
1457,Forest
1458,SeaLake
1459,AnnualCrop
146,SeaLake
1460,Highway
1461,Residential
1462,SeaLake
1463,Highway
1464,PermanentCrop
1465,Forest
1466,Residential
1467,SeaLake
1468,PermanentCrop
1469,SeaLake
147,HerbaceousVegetation
1470,SeaLake
1471,SeaLake
1472,HerbaceousVegetation
1473,Forest
1474,Pasture
1475,PermanentCrop
1476,Industrial
1477,Residential
1478,AnnualCrop
1479,Pasture
148,Highway
1480,Forest
1481,SeaLake
1482,SeaLake
1483,SeaLake
1484,Highway
1485,AnnualCrop
1486,Industrial
1487,SeaLake
1488,Industrial
1489,River
149,HerbaceousVegetation
1490,Highway
1491,River
1492,Residential
1493,Residential
1494,Highway
1495,SeaLake
1496,AnnualCrop
1497,SeaLake
1498,PermanentCrop
1499,SeaLake
15,Forest
150,HerbaceousVegetation
1500,HerbaceousVegetation
1501,Highway
1502,PermanentCrop
1503,AnnualCrop
1504,SeaLake
1505,Highway
1506,SeaLake
1507,AnnualCrop
1508,Forest
1509,PermanentCrop
151,Pasture
1510,PermanentCrop
1511,AnnualCrop
1512,River
1513,Highway
1514,River
1515,Highway
1516,Forest
1517,SeaLake
1518,PermanentCrop
1519,Forest
152,River
1520,SeaLake
1521,Industrial
1522,HerbaceousVegetation
1523,Forest
1524,Forest
1525,PermanentCrop
1526,PermanentCrop
1527,PermanentCrop
1528,Pasture
1529,PermanentCrop
153,Pasture
1530,Forest
1531,AnnualCrop
1532,SeaLake
1533,SeaLake
1534,Pasture
1535,SeaLake
1536,AnnualCrop
1537,Residential
1538,SeaLake
1539,SeaLake
154,PermanentCrop
1540,Forest
1541,Residential
1542,HerbaceousVegetation
1543,AnnualCrop
1544,River
1545,SeaLake
1546,SeaLake
1547,AnnualCrop
1548,Highway
1549,AnnualCrop
155,SeaLake
1550,SeaLake
1551,Pasture
1552,Residential
1553,HerbaceousVegetation
1554,Highway
1555,Highway
1556,Forest
1557,SeaLake
1558,AnnualCrop
1559,Highway
156,SeaLake
1560,AnnualCrop
1561,AnnualCrop
1562,SeaLake
1563,Residential
1564,River
1565,AnnualCrop
1566,Forest
1567,Pasture
1568,Industrial
1569,Residential
157,Residential
1570,SeaLake
1571,Residential
1572,Pasture
1573,Forest
1574,PermanentCrop
1575,SeaLake
1576,Pasture
1577,Forest
1578,SeaLake
1579,AnnualCrop
158,Pasture
1580,Highway
1581,AnnualCrop
1582,AnnualCrop
1583,PermanentCrop
1584,River
1585,Residential
1586,Residential
1587,Pasture
1588,SeaLake
1589,Highway
159,Forest
1590,Residential
1591,Pasture
1592,Pasture
1593,Forest
1594,SeaLake
1595,Pasture
1596,Pasture
1597,Forest
1598,Highway
1599,Residential
16,SeaLake
160,Residential
1600,Forest
1601,PermanentCrop
1602,Pasture
1603,Forest
1604,SeaLake
1605,SeaLake
1606,Pasture
1607,SeaLake
1608,AnnualCrop
1609,Residential
161,Highway
1610,River
1611,PermanentCrop
1612,Industrial
1613,HerbaceousVegetation
1614,Residential
1615,SeaLake
1616,Pasture
1617,AnnualCrop
1618,SeaLake
1619,AnnualCrop
162,Residential
1620,Highway
1621,Residential
1622,Residential
1623,SeaLake
1624,Forest
1625,HerbaceousVegetation
1626,SeaLake
1627,Highway
1628,Forest
1629,SeaLake
163,Pasture
1630,HerbaceousVegetation
1631,SeaLake
1632,PermanentCrop
1633,HerbaceousVegetation
1634,AnnualCrop
1635,Forest
1636,Industrial
1637,AnnualCrop
1638,SeaLake
1639,Highway
164,Industrial
1640,River
1641,SeaLake
1642,SeaLake
1643,Pasture
1644,River
1645,Forest
1646,Highway
1647,Pasture
1648,Residential
1649,Highway
165,PermanentCrop
1650,Pasture
1651,HerbaceousVegetation
1652,SeaLake
1653,Residential
1654,Residential
1655,River
1656,SeaLake
1657,PermanentCrop
1658,PermanentCrop
1659,Residential
166,Pasture
1660,Highway
1661,Highway
1662,HerbaceousVegetation
1663,Highway
1664,SeaLake
1665,Industrial
1666,Residential
1667,SeaLake
1668,AnnualCrop
1669,Pasture
167,Pasture
1670,SeaLake
1671,Residential
1672,Highway
1673,Pasture
1674,Highway
1675,Forest
1676,PermanentCrop
1677,SeaLake
1678,Pasture
1679,PermanentCrop
168,Pasture
1680,SeaLake
1681,Industrial
1682,SeaLake
1683,Residential
1684,Forest
1685,Highway
1686,Residential
1687,Highway
1688,Highway
1689,AnnualCrop
169,Highway
1690,Residential
1691,Forest
1692,Residential
1693,SeaLake
1694,SeaLake
1695,Pasture
1696,SeaLake
1697,Pasture
1698,PermanentCrop
1699,Highway
17,AnnualCrop
170,River
1700,Industrial
1701,Pasture
1702,Forest
1703,Forest
1704,SeaLake
1705,SeaLake
1706,PermanentCrop
1707,Industrial
1708,SeaLake
1709,PermanentCrop
171,SeaLake
1710,River
1711,AnnualCrop
1712,SeaLake
1713,SeaLake
1714,SeaLake
1715,PermanentCrop
1716,Pasture
1717,PermanentCrop
1718,AnnualCrop
1719,Pasture
172,Pasture
1720,Forest
1721,SeaLake
1722,AnnualCrop
1723,AnnualCrop
1724,Residential
1725,Forest
1726,PermanentCrop
1727,SeaLake
1728,AnnualCrop
1729,AnnualCrop
173,SeaLake
1730,PermanentCrop
1731,Highway
1732,Pasture
1733,Forest
1734,HerbaceousVegetation
1735,PermanentCrop
1736,Industrial
1737,Forest
1738,PermanentCrop
1739,AnnualCrop
174,Pasture
1740,Highway
1741,SeaLake
1742,Residential
1743,HerbaceousVegetation
1744,SeaLake
1745,Pasture
1746,Pasture
1747,Forest
1748,Pasture
1749,Forest
175,SeaLake
1750,Pasture
1751,Pasture
1752,Residential
1753,Residential
1754,HerbaceousVegetation
1755,AnnualCrop
1756,HerbaceousVegetation
1757,SeaLake
1758,Forest
1759,Forest
176,Residential
1760,PermanentCrop
1761,PermanentCrop
1762,PermanentCrop
1763,Residential
1764,PermanentCrop
1765,Highway
1766,HerbaceousVegetation
1767,SeaLake
1768,PermanentCrop
1769,HerbaceousVegetation
177,Forest
1770,Forest
1771,Pasture
1772,SeaLake
1773,Forest
1774,Pasture
1775,SeaLake
1776,Forest
1777,River
1778,Forest
1779,Highway
178,AnnualCrop
1780,SeaLake
1781,HerbaceousVegetation
1782,Highway
1783,Industrial
1784,Highway
1785,HerbaceousVegetation
1786,Pasture
1787,SeaLake
1788,Industrial
1789,PermanentCrop
179,SeaLake
1790,Residential
1791,PermanentCrop
1792,Pasture
1793,Highway
1794,Highway
1795,Residential
1796,SeaLake
1797,AnnualCrop
1798,River
1799,Forest
18,AnnualCrop
180,AnnualCrop
1800,PermanentCrop
1801,Highway
1802,Residential
1803,PermanentCrop
1804,SeaLake
1805,Pasture
1806,Forest
1807,Forest
1808,PermanentCrop
1809,Pasture
181,SeaLake
1810,SeaLake
1811,Highway
1812,SeaLake
1813,PermanentCrop
1814,Pasture
1815,Residential
1816,PermanentCrop
1817,PermanentCrop
1818,AnnualCrop
1819,Highway
182,Forest
1820,Forest
1821,PermanentCrop
1822,SeaLake
1823,SeaLake
1824,Pasture
1825,Highway
1826,AnnualCrop
1827,Highway
1828,PermanentCrop
1829,SeaLake
183,Highway
1830,AnnualCrop
1831,Residential
1832,Forest
1833,HerbaceousVegetation
1834,Residential
1835,Residential
1836,SeaLake
1837,Highway
1838,Pasture
1839,Industrial
184,AnnualCrop
1840,AnnualCrop
1841,AnnualCrop
1842,Forest
1843,SeaLake
1844,Pasture
1845,Highway
1846,Industrial
1847,AnnualCrop
1848,River
1849,Forest
185,PermanentCrop
1850,Pasture
1851,HerbaceousVegetation
1852,Residential
1853,Highway
1854,AnnualCrop
1855,SeaLake
1856,SeaLake
1857,PermanentCrop
1858,AnnualCrop
1859,Residential
186,Forest
1860,Highway
1861,SeaLake
1862,Pasture
1863,Forest
1864,Highway
1865,Forest
1866,Highway
1867,River
1868,River
1869,Forest
187,SeaLake
1870,Residential
1871,Highway
1872,Forest
1873,Residential
1874,Highway
1875,AnnualCrop
1876,River
1877,Forest
1878,SeaLake
1879,SeaLake
188,Residential
1880,Forest
1881,Pasture
1882,Industrial
1883,AnnualCrop
1884,SeaLake
1885,Forest
1886,Pasture
1887,Pasture
1888,PermanentCrop
1889,SeaLake
189,SeaLake
1890,HerbaceousVegetation
1891,Residential
1892,Forest
1893,SeaLake
1894,SeaLake
1895,Pasture
1896,Forest
1897,AnnualCrop
1898,HerbaceousVegetation
1899,Pasture
19,River
190,Pasture
1900,SeaLake
1901,Highway
1902,SeaLake
1903,SeaLake
1904,AnnualCrop
1905,Forest
1906,SeaLake
1907,SeaLake
1908,Residential
1909,SeaLake
191,Highway
1910,Highway
1911,Pasture
1912,PermanentCrop
1913,SeaLake
1914,Industrial
1915,HerbaceousVegetation
1916,SeaLake
1917,AnnualCrop
1918,Highway
1919,PermanentCrop
192,Residential
1920,Industrial
1921,SeaLake
1922,HerbaceousVegetation
1923,SeaLake
1924,Industrial
1925,SeaLake
1926,Residential
1927,PermanentCrop
1928,Forest
1929,SeaLake
193,Residential
1930,Forest
1931,Forest
1932,SeaLake
1933,SeaLake
1934,PermanentCrop
1935,PermanentCrop
1936,AnnualCrop
1937,SeaLake
1938,Forest
1939,HerbaceousVegetation
194,SeaLake
1940,Residential
1941,SeaLake
1942,Residential
1943,SeaLake
1944,AnnualCrop
1945,SeaLake
1946,HerbaceousVegetation
1947,Residential
1948,Pasture
1949,Pasture
195,HerbaceousVegetation
1950,PermanentCrop
1951,Industrial
1952,PermanentCrop
1953,Forest
1954,Pasture
1955,HerbaceousVegetation
1956,SeaLake
1957,PermanentCrop
1958,Forest
1959,River
196,Pasture
1960,SeaLake
1961,AnnualCrop
1962,Industrial
1963,Pasture
1964,HerbaceousVegetation
1965,AnnualCrop
1966,Residential
1967,PermanentCrop
1968,SeaLake
1969,Pasture
197,Residential
1970,AnnualCrop
1971,Pasture
1972,Highway
1973,River
1974,Residential
1975,PermanentCrop
1976,HerbaceousVegetation
1977,AnnualCrop
1978,PermanentCrop
1979,HerbaceousVegetation
198,AnnualCrop
1980,AnnualCrop
1981,Forest
1982,SeaLake
1983,SeaLake
1984,Forest
1985,SeaLake
1986,River
1987,PermanentCrop
1988,Forest
1989,Pasture
199,AnnualCrop
1990,PermanentCrop
1991,Residential
1992,SeaLake
1993,AnnualCrop
1994,Highway
1995,PermanentCrop
1996,Industrial
1997,Residential
1998,PermanentCrop
1999,Forest
2,Forest
20,PermanentCrop
200,HerbaceousVegetation
2000,AnnualCrop
2001,Pasture
2002,Residential
2003,AnnualCrop
2004,Industrial
2005,Forest
2006,AnnualCrop
2007,Highway
2008,AnnualCrop
2009,SeaLake
201,SeaLake
2010,SeaLake
2011,Forest
2012,PermanentCrop
2013,Residential
2014,SeaLake
2015,Forest
2016,Forest
2017,PermanentCrop
2018,Industrial
2019,HerbaceousVegetation
202,Pasture
2020,Forest
2021,SeaLake
2022,River
2023,SeaLake
2024,HerbaceousVegetation
2025,River
2026,SeaLake
2027,SeaLake
2028,Residential
2029,Residential
203,Highway
2030,Pasture
2031,Highway
2032,SeaLake
2033,SeaLake
2034,PermanentCrop
2035,AnnualCrop
2036,Forest
2037,SeaLake
2038,SeaLake
2039,HerbaceousVegetation
204,Pasture
2040,AnnualCrop
2041,PermanentCrop
2042,PermanentCrop
2043,Industrial
2044,SeaLake
2045,Forest
2046,SeaLake
2047,Pasture
2048,HerbaceousVegetation
2049,PermanentCrop
205,SeaLake
2050,Highway
2051,Highway
2052,Forest
2053,Industrial
2054,SeaLake
2055,Residential
2056,Highway
2057,River
2058,Highway
2059,AnnualCrop
206,PermanentCrop
2060,Pasture
2061,SeaLake
2062,AnnualCrop
2063,Residential
2064,SeaLake
2065,SeaLake
2066,Forest
2067,SeaLake
2068,Highway
2069,Highway
207,Pasture
2070,Pasture
2071,Residential
2072,Pasture
2073,PermanentCrop
2074,Highway
2075,Residential
2076,PermanentCrop
2077,PermanentCrop
2078,SeaLake
2079,SeaLake
208,HerbaceousVegetation
2080,PermanentCrop
2081,Highway
2082,Forest
2083,HerbaceousVegetation
2084,Highway
2085,Highway
2086,PermanentCrop
2087,Residential
2088,SeaLake
2089,Forest
209,SeaLake
2090,River
2091,SeaLake
2092,AnnualCrop
2093,Pasture
2094,Pasture
2095,Residential
2096,Pasture
2097,Residential
2098,Pasture
2099,AnnualCrop
21,Industrial
210,SeaLake
2100,Forest
2101,River
2102,PermanentCrop
2103,Pasture
2104,SeaLake
2105,Industrial
2106,PermanentCrop
2107,SeaLake
2108,PermanentCrop
2109,SeaLake
211,Forest
2110,SeaLake
2111,Highway
2112,SeaLake
2113,Forest
2114,River
2115,Residential
2116,River
2117,AnnualCrop
2118,Residential
2119,SeaLake
212,Residential
2120,PermanentCrop
2121,HerbaceousVegetation
2122,PermanentCrop
2123,PermanentCrop
2124,PermanentCrop
2125,PermanentCrop
2126,SeaLake
2127,Industrial
2128,SeaLake
2129,Industrial
213,HerbaceousVegetation
2130,SeaLake
2131,PermanentCrop
2132,SeaLake
2133,SeaLake
2134,PermanentCrop
2135,PermanentCrop
2136,Forest
2137,Pasture
2138,Highway
2139,HerbaceousVegetation
214,Forest
2140,Forest
2141,AnnualCrop
2142,Pasture
2143,Forest
2144,Residential
2145,SeaLake
2146,Pasture
2147,Pasture
2148,Residential
2149,Pasture
215,Forest
2150,Forest
2151,SeaLake
2152,AnnualCrop
2153,River
2154,Industrial
2155,HerbaceousVegetation
2156,PermanentCrop
2157,SeaLake
2158,Pasture
2159,SeaLake
216,SeaLake
2160,SeaLake
2161,Forest
2162,PermanentCrop
2163,PermanentCrop
2164,Residential
2165,AnnualCrop
2166,Highway
2167,Forest
2168,Forest
2169,River
217,AnnualCrop
2170,Residential
2171,SeaLake
2172,Highway
2173,Highway
2174,SeaLake
2175,SeaLake
2176,HerbaceousVegetation
2177,HerbaceousVegetation
2178,SeaLake
2179,PermanentCrop
218,Forest
2180,AnnualCrop
2181,Residential
2182,SeaLake
2183,Residential
2184,SeaLake
2185,HerbaceousVegetation
2186,PermanentCrop
2187,SeaLake
2188,AnnualCrop
2189,SeaLake
219,SeaLake
2190,PermanentCrop
2191,Pasture
2192,River
2193,AnnualCrop
2194,HerbaceousVegetation
2195,PermanentCrop
2196,SeaLake
2197,Forest
2198,PermanentCrop
2199,Forest
22,SeaLake
220,Forest
2200,Residential
2201,AnnualCrop
2202,Highway
2203,SeaLake
2204,SeaLake
2205,PermanentCrop
2206,Residential
2207,Residential
2208,Highway
2209,SeaLake
221,SeaLake
2210,SeaLake
2211,Forest
2212,Pasture
2213,SeaLake
2214,Forest
2215,AnnualCrop
2216,Pasture
2217,Forest
2218,Pasture
2219,Forest
222,Industrial
2220,PermanentCrop
2221,SeaLake
2222,Industrial
2223,Highway
2224,PermanentCrop
2225,PermanentCrop
2226,PermanentCrop
2227,SeaLake
2228,PermanentCrop
2229,Residential
223,HerbaceousVegetation
2230,Highway
2231,SeaLake
2232,PermanentCrop
2233,AnnualCrop
2234,AnnualCrop
2235,Pasture
2236,Highway
2237,PermanentCrop
2238,Forest
2239,SeaLake
224,SeaLake
2240,HerbaceousVegetation
2241,Highway
2242,Residential
2243,SeaLake
2244,Forest
2245,River
2246,SeaLake
2247,AnnualCrop
2248,SeaLake
2249,SeaLake
225,SeaLake
2250,HerbaceousVegetation
2251,AnnualCrop
2252,Forest
2253,River
2254,SeaLake
2255,Pasture
2256,AnnualCrop
2257,Forest
2258,Pasture
2259,PermanentCrop
226,SeaLake
2260,SeaLake
2261,SeaLake
2262,AnnualCrop
2263,Pasture
2264,SeaLake
2265,Highway
2266,SeaLake
2267,Pasture
2268,SeaLake
2269,SeaLake
227,Forest
2270,SeaLake
2271,SeaLake
2272,AnnualCrop
2273,HerbaceousVegetation
2274,AnnualCrop
2275,Highway
2276,Pasture
2277,Pasture
2278,Pasture
2279,Forest
228,HerbaceousVegetation
2280,HerbaceousVegetation
2281,AnnualCrop
2282,Industrial
2283,Forest
2284,SeaLake
2285,Highway
2286,Residential
2287,Forest
2288,PermanentCrop
2289,PermanentCrop
229,Pasture
2290,SeaLake
2291,Residential
2292,HerbaceousVegetation
2293,HerbaceousVegetation
2294,AnnualCrop
2295,Forest
2296,Highway
2297,Residential
2298,HerbaceousVegetation
2299,AnnualCrop
23,SeaLake
230,SeaLake
2300,SeaLake
2301,HerbaceousVegetation
2302,Forest
2303,PermanentCrop
2304,HerbaceousVegetation
2305,SeaLake
2306,AnnualCrop
2307,PermanentCrop
2308,Residential
2309,Pasture
231,PermanentCrop
2310,Forest
2311,Forest
2312,SeaLake
2313,PermanentCrop
2314,HerbaceousVegetation
2315,AnnualCrop
2316,PermanentCrop
2317,Pasture
2318,SeaLake
2319,Residential
232,Forest
2320,Industrial
2321,PermanentCrop
2322,SeaLake
2323,Pasture
2324,River
2325,River
2326,SeaLake
2327,PermanentCrop
2328,Residential
2329,HerbaceousVegetation
233,River
2330,SeaLake
2331,PermanentCrop
2332,Forest
2333,Pasture
2334,Pasture
2335,Pasture
2336,Industrial
2337,Residential
2338,PermanentCrop
2339,HerbaceousVegetation
234,AnnualCrop
2340,Industrial
2341,Industrial
2342,Pasture
2343,Forest
2344,SeaLake
2345,PermanentCrop
2346,PermanentCrop
2347,SeaLake
2348,River
2349,HerbaceousVegetation
235,AnnualCrop
2350,SeaLake
2351,Industrial
2352,Pasture
2353,PermanentCrop
2354,HerbaceousVegetation
2355,Forest
2356,Residential
2357,SeaLake
2358,SeaLake
2359,Forest
236,HerbaceousVegetation
2360,Forest
2361,PermanentCrop
2362,Pasture
2363,PermanentCrop
2364,SeaLake
2365,Pasture
2366,PermanentCrop
2367,SeaLake
2368,AnnualCrop
2369,River
237,SeaLake
2370,PermanentCrop
2371,Pasture
2372,AnnualCrop
2373,SeaLake
2374,SeaLake
2375,SeaLake
2376,Pasture
2377,SeaLake
2378,Forest
2379,AnnualCrop
238,Pasture
2380,River
2381,PermanentCrop
2382,Forest
2383,Forest
2384,Pasture
2385,Forest
2386,Pasture
2387,Forest
2388,SeaLake
2389,Industrial
239,Industrial
2390,Industrial
2391,Forest
2392,River
2393,SeaLake
2394,PermanentCrop
2395,Highway
2396,Residential
2397,SeaLake
2398,HerbaceousVegetation
2399,SeaLake
24,AnnualCrop
240,SeaLake
2400,Pasture
2401,SeaLake
2402,SeaLake
2403,SeaLake
2404,Pasture
2405,HerbaceousVegetation
2406,Residential
2407,SeaLake
2408,PermanentCrop
2409,Pasture
241,Forest
2410,Highway
2411,PermanentCrop
2412,PermanentCrop
2413,Pasture
2414,SeaLake
2415,Residential
2416,Forest
2417,Industrial
2418,SeaLake
2419,Highway
242,River
2420,Industrial
2421,AnnualCrop
2422,Highway
2423,HerbaceousVegetation
2424,Highway
2425,Highway
2426,Forest
2427,SeaLake
2428,Residential
2429,SeaLake
243,PermanentCrop
2430,Pasture
2431,Forest
2432,Highway
2433,Forest
2434,Highway
2435,SeaLake
2436,Pasture
2437,PermanentCrop
2438,Forest
2439,PermanentCrop
244,Highway
2440,SeaLake
2441,Forest
2442,Highway
2443,PermanentCrop
2444,SeaLake
2445,Residential
2446,Pasture
2447,AnnualCrop
2448,SeaLake
2449,Forest
245,Industrial
2450,PermanentCrop
2451,AnnualCrop
2452,SeaLake
2453,Forest
2454,AnnualCrop
2455,Highway
2456,SeaLake
2457,SeaLake
2458,AnnualCrop
2459,SeaLake
246,Highway
2460,SeaLake
2461,SeaLake
2462,PermanentCrop
2463,Pasture
2464,Residential
2465,Highway
2466,SeaLake
2467,HerbaceousVegetation
2468,Forest
2469,AnnualCrop
247,AnnualCrop
2470,Residential
2471,Highway
2472,SeaLake
2473,Highway
2474,SeaLake
2475,AnnualCrop
2476,Forest
2477,PermanentCrop
2478,Pasture
2479,SeaLake
248,SeaLake
2480,SeaLake
2481,HerbaceousVegetation
2482,SeaLake
2483,Pasture
2484,Industrial
2485,Highway
2486,AnnualCrop
2487,Forest
2488,SeaLake
2489,SeaLake
249,PermanentCrop
2490,PermanentCrop
2491,Forest
2492,River
2493,AnnualCrop
2494,Forest
2495,SeaLake
2496,Pasture
2497,Industrial
2498,SeaLake
2499,SeaLake
25,Industrial
250,SeaLake
2500,Residential
2501,SeaLake
2502,Forest
2503,Highway
2504,HerbaceousVegetation
2505,Pasture
2506,Pasture
2507,Forest
2508,Pasture
2509,SeaLake
251,SeaLake
2510,Pasture
2511,SeaLake
2512,SeaLake
2513,SeaLake
2514,Pasture
2515,Pasture
2516,HerbaceousVegetation
2517,HerbaceousVegetation
2518,Forest
2519,AnnualCrop
252,Industrial
2520,River
2521,Forest
2522,Pasture
2523,AnnualCrop
2524,SeaLake
2525,SeaLake
2526,HerbaceousVegetation
2527,Highway
2528,AnnualCrop
2529,SeaLake
253,Forest
2530,SeaLake
2531,PermanentCrop
2532,Highway
2533,SeaLake
2534,SeaLake
2535,SeaLake
2536,Industrial
2537,SeaLake
2538,Residential
2539,Highway
254,Pasture
2540,AnnualCrop
2541,SeaLake
2542,Highway
2543,Forest
2544,Residential
2545,AnnualCrop
2546,Industrial
2547,PermanentCrop
2548,SeaLake
2549,Forest
255,PermanentCrop
2550,River
2551,Pasture
2552,SeaLake
2553,Forest
2554,Forest
2555,Highway
2556,AnnualCrop
2557,Pasture
2558,SeaLake
2559,PermanentCrop
256,AnnualCrop
2560,Pasture
2561,SeaLake
2562,Industrial
2563,Forest
2564,SeaLake
2565,AnnualCrop
2566,SeaLake
2567,Forest
2568,SeaLake
2569,Highway
257,PermanentCrop
2570,HerbaceousVegetation
2571,PermanentCrop
2572,Industrial
2573,Pasture
2574,Residential
2575,Forest
2576,PermanentCrop
2577,Highway
2578,Industrial
2579,AnnualCrop
258,Highway
2580,PermanentCrop
2581,Forest
2582,PermanentCrop
2583,SeaLake
2584,Industrial
2585,Residential
2586,Residential
2587,PermanentCrop
2588,River
2589,SeaLake
259,PermanentCrop
2590,Residential
2591,Highway
2592,SeaLake
2593,AnnualCrop
2594,Highway
2595,SeaLake
2596,Forest
2597,Pasture
2598,AnnualCrop
2599,SeaLake
26,AnnualCrop
260,PermanentCrop
2600,Pasture
2601,AnnualCrop
2602,SeaLake
2603,River
2604,PermanentCrop
2605,SeaLake
2606,Highway
2607,Pasture
2608,AnnualCrop
2609,Pasture
261,Pasture
2610,Industrial
2611,PermanentCrop
2612,SeaLake
2613,PermanentCrop
2614,SeaLake
2615,Pasture
2616,River
2617,PermanentCrop
2618,Forest
2619,PermanentCrop
262,Forest
2620,Highway
2621,PermanentCrop
2622,PermanentCrop
2623,Industrial
2624,PermanentCrop
2625,Pasture
2626,AnnualCrop
2627,AnnualCrop
2628,SeaLake
2629,Forest
263,SeaLake
2630,Highway
2631,SeaLake
2632,PermanentCrop
2633,Pasture
2634,SeaLake
2635,Residential
2636,Residential
2637,AnnualCrop
2638,PermanentCrop
2639,SeaLake
264,HerbaceousVegetation
2640,Pasture
2641,HerbaceousVegetation
2642,SeaLake
2643,Highway
2644,SeaLake
2645,SeaLake
2646,Pasture
2647,HerbaceousVegetation
2648,Forest
2649,Industrial
265,AnnualCrop
2650,PermanentCrop
2651,SeaLake
2652,SeaLake
2653,River
2654,SeaLake
2655,HerbaceousVegetation
2656,Highway
2657,Forest
2658,Forest
2659,Highway
266,SeaLake
2660,Residential
2661,AnnualCrop
2662,PermanentCrop
2663,Residential
2664,AnnualCrop
2665,SeaLake
2666,HerbaceousVegetation
2667,Pasture
2668,Forest
2669,SeaLake
267,AnnualCrop
2670,Highway
2671,PermanentCrop
2672,Highway
2673,Industrial
2674,SeaLake
2675,AnnualCrop
2676,AnnualCrop
2677,HerbaceousVegetation
2678,Industrial
2679,Pasture
268,River
2680,River
2681,SeaLake
2682,Forest
2683,Forest
2684,SeaLake
2685,SeaLake
2686,Residential
2687,Residential
2688,Residential
2689,Pasture
269,Forest
2690,Pasture
2691,Pasture
2692,Pasture
2693,SeaLake
2694,AnnualCrop
2695,AnnualCrop
2696,Pasture
2697,PermanentCrop
2698,Highway
2699,SeaLake
27,PermanentCrop
270,SeaLake
2700,Pasture
2701,PermanentCrop
2702,Highway
2703,SeaLake
2704,SeaLake
2705,Residential
2706,HerbaceousVegetation
2707,Forest
2708,Residential
2709,SeaLake
271,SeaLake
2710,Highway
2711,Forest
2712,AnnualCrop
2713,Forest
2714,Highway
2715,AnnualCrop
2716,HerbaceousVegetation
2717,SeaLake
2718,AnnualCrop
2719,Residential
272,Highway
2720,Highway
2721,Forest
2722,SeaLake
2723,Residential
2724,Residential
2725,River
2726,SeaLake
2727,Forest
2728,SeaLake
2729,HerbaceousVegetation
273,Residential
2730,SeaLake
2731,Highway
2732,Industrial
2733,River
2734,Forest
2735,SeaLake
2736,SeaLake
2737,Forest
2738,PermanentCrop
2739,SeaLake
274,SeaLake
2740,AnnualCrop
2741,HerbaceousVegetation
2742,Highway
2743,River
2744,River
2745,Industrial
2746,SeaLake
2747,HerbaceousVegetation
2748,Forest
2749,Pasture
275,Forest
2750,Pasture
2751,AnnualCrop
2752,Pasture
2753,PermanentCrop
2754,Forest
2755,HerbaceousVegetation
2756,SeaLake
2757,AnnualCrop
2758,Industrial
2759,SeaLake
276,SeaLake
2760,Pasture
2761,SeaLake
2762,SeaLake
2763,HerbaceousVegetation
2764,PermanentCrop
2765,Pasture
2766,PermanentCrop
2767,SeaLake
2768,SeaLake
2769,SeaLake
277,HerbaceousVegetation
2770,SeaLake
2771,SeaLake
2772,Pasture
2773,Residential
2774,Highway
2775,HerbaceousVegetation
2776,Residential
2777,HerbaceousVegetation
2778,SeaLake
2779,SeaLake
278,HerbaceousVegetation
2780,PermanentCrop
2781,Forest
2782,Residential
2783,Highway
2784,Residential
2785,SeaLake
2786,Pasture
2787,PermanentCrop
2788,PermanentCrop
2789,Pasture
279,SeaLake
2790,River
2791,Industrial
2792,Residential
2793,Highway
2794,Forest
2795,Forest
2796,PermanentCrop
2797,Highway
2798,SeaLake
2799,HerbaceousVegetation
28,PermanentCrop
280,SeaLake
2800,Highway
2801,SeaLake
2802,Highway
2803,SeaLake
2804,SeaLake
2805,SeaLake
2806,Forest
2807,Residential
2808,PermanentCrop
2809,HerbaceousVegetation
281,SeaLake
2810,Pasture
2811,River
2812,SeaLake
2813,Highway
2814,Pasture
2815,SeaLake
2816,Pasture
2817,Forest
2818,Industrial
2819,Highway
282,River
2820,Highway
2821,Pasture
2822,Pasture
2823,Forest
2824,Residential
2825,River
2826,Industrial
2827,Residential
2828,SeaLake
2829,AnnualCrop
283,Residential
2830,SeaLake
2831,AnnualCrop
2832,Pasture
2833,SeaLake
2834,Highway
2835,River
2836,HerbaceousVegetation
2837,Highway
2838,PermanentCrop
2839,SeaLake
284,Residential
2840,Forest
2841,HerbaceousVegetation
2842,River
2843,River
2844,SeaLake
2845,SeaLake
2846,SeaLake
2847,Pasture
2848,SeaLake
2849,PermanentCrop
285,HerbaceousVegetation
2850,SeaLake
2851,SeaLake
2852,SeaLake
2853,PermanentCrop
2854,Pasture
2855,HerbaceousVegetation
2856,Highway
2857,Forest
2858,Forest
2859,PermanentCrop
286,Highway
2860,PermanentCrop
2861,Forest
2862,SeaLake
2863,Highway
2864,SeaLake
2865,PermanentCrop
2866,Highway
2867,SeaLake
2868,SeaLake
2869,HerbaceousVegetation
287,PermanentCrop
2870,AnnualCrop
2871,Residential
2872,Industrial
2873,Residential
2874,Industrial
2875,Pasture
2876,SeaLake
2877,Industrial
2878,SeaLake
2879,AnnualCrop
288,Pasture
2880,Forest
2881,PermanentCrop
2882,Forest
2883,PermanentCrop
2884,Industrial
2885,PermanentCrop
2886,HerbaceousVegetation
2887,Pasture
2888,SeaLake
2889,PermanentCrop
289,Highway
2890,Forest
2891,SeaLake
2892,PermanentCrop
2893,AnnualCrop
2894,PermanentCrop
2895,SeaLake
2896,PermanentCrop
2897,Highway
2898,Pasture
2899,HerbaceousVegetation
29,Industrial
290,Forest
2900,PermanentCrop
2901,SeaLake
2902,PermanentCrop
2903,SeaLake
2904,Pasture
2905,SeaLake
2906,Highway
2907,Highway
2908,Forest
2909,SeaLake
291,PermanentCrop
2910,Forest
2911,SeaLake
2912,SeaLake
2913,HerbaceousVegetation
2914,Forest
2915,Pasture
2916,Forest
2917,Pasture
2918,HerbaceousVegetation
2919,Forest
292,SeaLake
2920,AnnualCrop
2921,Residential
2922,PermanentCrop
2923,SeaLake
2924,Forest
2925,Residential
2926,HerbaceousVegetation
2927,Forest
2928,Industrial
2929,Highway
293,AnnualCrop
2930,SeaLake
2931,SeaLake
2932,SeaLake
2933,AnnualCrop
2934,SeaLake
2935,Pasture
2936,Highway
2937,Highway
2938,Residential
2939,AnnualCrop
294,HerbaceousVegetation
2940,SeaLake
2941,Residential
2942,SeaLake
2943,Pasture
2944,SeaLake
2945,Highway
2946,SeaLake
2947,HerbaceousVegetation
2948,Pasture
2949,SeaLake
295,AnnualCrop
2950,AnnualCrop
2951,HerbaceousVegetation
2952,River
2953,Highway
2954,Forest
2955,Residential
2956,Forest
2957,AnnualCrop
2958,SeaLake
2959,SeaLake
296,AnnualCrop
2960,Pasture
2961,Forest
2962,Industrial
2963,Forest
2964,Pasture
2965,Residential
2966,Pasture
2967,SeaLake
2968,SeaLake
2969,Forest
297,SeaLake
2970,AnnualCrop
2971,SeaLake
2972,SeaLake
2973,AnnualCrop
2974,Forest
2975,AnnualCrop
2976,Pasture
2977,HerbaceousVegetation
2978,Pasture
2979,Residential
298,SeaLake
2980,HerbaceousVegetation
2981,Industrial
2982,SeaLake
2983,PermanentCrop
2984,SeaLake
2985,AnnualCrop
2986,Highway
2987,SeaLake
2988,HerbaceousVegetation
2989,Industrial
299,Highway
2990,SeaLake
2991,PermanentCrop
2992,Residential
2993,PermanentCrop
2994,Residential
2995,AnnualCrop
2996,SeaLake
2997,Residential
2998,PermanentCrop
2999,SeaLake
3,SeaLake
30,AnnualCrop
300,SeaLake
3000,Pasture
3001,SeaLake
3002,AnnualCrop
3003,Pasture
3004,Industrial
3005,Forest
3006,River
3007,Industrial
3008,AnnualCrop
3009,AnnualCrop
301,Highway
3010,HerbaceousVegetation
3011,Pasture
3012,Forest
3013,Forest
3014,SeaLake
3015,AnnualCrop
3016,Residential
3017,PermanentCrop
3018,Residential
3019,Highway
302,Highway
3020,Residential
3021,AnnualCrop
3022,PermanentCrop
3023,SeaLake
3024,SeaLake
3025,SeaLake
3026,SeaLake
3027,SeaLake
3028,SeaLake
3029,Residential
303,PermanentCrop
3030,SeaLake
3031,Pasture
3032,Pasture
3033,Highway
3034,Forest
3035,PermanentCrop
3036,AnnualCrop
3037,PermanentCrop
3038,Highway
3039,Residential
304,SeaLake
3040,Pasture
3041,AnnualCrop
3042,SeaLake
3043,Residential
3044,SeaLake
3045,PermanentCrop
3046,AnnualCrop
3047,River
3048,Residential
3049,AnnualCrop
305,Forest
3050,HerbaceousVegetation
3051,AnnualCrop
3052,AnnualCrop
3053,SeaLake
3054,SeaLake
3055,PermanentCrop
3056,HerbaceousVegetation
3057,Forest
3058,PermanentCrop
3059,Residential
306,SeaLake
3060,Pasture
3061,SeaLake
3062,HerbaceousVegetation
3063,River
3064,Pasture
3065,Pasture
3066,PermanentCrop
3067,Residential
3068,SeaLake
3069,Residential
307,PermanentCrop
3070,SeaLake
3071,SeaLake
3072,PermanentCrop
3073,Highway
3074,Residential
3075,HerbaceousVegetation
3076,SeaLake
3077,Forest
3078,PermanentCrop
3079,Forest
308,PermanentCrop
3080,PermanentCrop
3081,PermanentCrop
3082,SeaLake
3083,SeaLake
3084,PermanentCrop
3085,Highway
3086,PermanentCrop
3087,PermanentCrop
3088,PermanentCrop
3089,Residential
309,SeaLake
3090,Forest
3091,AnnualCrop
3092,SeaLake
3093,SeaLake
3094,PermanentCrop
3095,SeaLake
3096,Highway
3097,Residential
3098,SeaLake
3099,SeaLake
31,PermanentCrop
310,SeaLake
3100,SeaLake
3101,Forest
3102,Residential
3103,SeaLake
3104,SeaLake
3105,Pasture
3106,SeaLake
3107,Highway
3108,Forest
3109,Industrial
311,PermanentCrop
3110,SeaLake
3111,HerbaceousVegetation
3112,River
3113,AnnualCrop
3114,Highway
3115,SeaLake
3116,Forest
3117,SeaLake
3118,Highway
3119,Highway
312,Forest
3120,SeaLake
3121,SeaLake
3122,PermanentCrop
3123,Industrial
3124,SeaLake
3125,Forest
3126,PermanentCrop
3127,Forest
3128,PermanentCrop
3129,SeaLake
313,SeaLake
3130,PermanentCrop
3131,AnnualCrop
3132,Highway
3133,Highway
3134,River
3135,Pasture
3136,HerbaceousVegetation
3137,Pasture
3138,Pasture
3139,Highway
314,Pasture
3140,AnnualCrop
3141,SeaLake
3142,SeaLake
3143,Residential
3144,Forest
3145,Forest
3146,HerbaceousVegetation
3147,AnnualCrop
3148,SeaLake
3149,SeaLake
315,River
3150,SeaLake
3151,AnnualCrop
3152,SeaLake
3153,Industrial
3154,Residential
3155,Pasture
3156,Pasture
3157,HerbaceousVegetation
3158,Highway
3159,Highway
316,Residential
3160,Highway
3161,Residential
3162,Forest
3163,SeaLake
3164,Forest
3165,Pasture
3166,Forest
3167,Pasture
3168,Pasture
3169,Pasture
317,PermanentCrop
3170,AnnualCrop
3171,PermanentCrop
3172,Residential
3173,River
3174,Pasture
3175,HerbaceousVegetation
3176,HerbaceousVegetation
3177,HerbaceousVegetation
3178,PermanentCrop
3179,Pasture
318,SeaLake
3180,SeaLake
3181,River
3182,Industrial
3183,SeaLake
3184,Pasture
3185,Forest
3186,Industrial
3187,PermanentCrop
3188,SeaLake
3189,HerbaceousVegetation
319,PermanentCrop
3190,SeaLake
3191,Forest
3192,Forest
3193,Forest
3194,Industrial
3195,SeaLake
3196,SeaLake
3197,Forest
3198,PermanentCrop
3199,AnnualCrop
32,SeaLake
320,Forest
3200,SeaLake
3201,SeaLake
3202,Forest
3203,SeaLake
3204,Highway
3205,AnnualCrop
3206,HerbaceousVegetation
3207,Highway
3208,Forest
3209,Pasture
321,Highway
3210,SeaLake
3211,Highway
3212,Residential
3213,SeaLake
3214,SeaLake
3215,Industrial
3216,River
3217,Pasture
3218,SeaLake
3219,River
322,SeaLake
3220,Pasture
3221,SeaLake
3222,SeaLake
3223,Highway
3224,Pasture
3225,Forest
3226,PermanentCrop
3227,Forest
3228,Forest
3229,Highway
323,Forest
3230,Pasture
3231,Residential
3232,Pasture
3233,PermanentCrop
3234,AnnualCrop
3235,River
3236,Pasture
3237,SeaLake
3238,Pasture
3239,SeaLake
324,Highway
3240,Pasture
3241,Residential
3242,PermanentCrop
3243,Highway
3244,SeaLake
3245,SeaLake
3246,Pasture
3247,HerbaceousVegetation
3248,Industrial
3249,Residential
325,SeaLake
3250,Forest
3251,Industrial
3252,PermanentCrop
3253,River
3254,Forest
3255,SeaLake
3256,SeaLake
3257,Industrial
3258,SeaLake
3259,Pasture
326,Pasture
3260,Highway
3261,PermanentCrop
3262,SeaLake
3263,SeaLake
3264,Pasture
3265,Pasture
3266,PermanentCrop
3267,Forest
3268,PermanentCrop
3269,Highway
327,SeaLake
3270,PermanentCrop
3271,SeaLake
3272,Highway
3273,PermanentCrop
3274,SeaLake
3275,SeaLake
3276,SeaLake
3277,Pasture
3278,Forest
3279,SeaLake
328,Forest
3280,Pasture
3281,SeaLake
3282,Forest
3283,Residential
3284,SeaLake
3285,Residential
3286,SeaLake
3287,Residential
3288,Pasture
3289,Pasture
329,AnnualCrop
3290,Pasture
3291,Pasture
3292,SeaLake
3293,SeaLake
3294,PermanentCrop
3295,Pasture
3296,Pasture
3297,SeaLake
3298,AnnualCrop
3299,AnnualCrop
33,Pasture
330,River
3300,Forest
3301,Forest
3302,Forest
3303,Industrial
3304,Forest
3305,Residential
3306,River
3307,Forest
3308,AnnualCrop
3309,PermanentCrop
331,AnnualCrop
3310,SeaLake
3311,AnnualCrop
3312,SeaLake
3313,Pasture
3314,Forest
3315,SeaLake
3316,Highway
3317,Industrial
3318,SeaLake
3319,SeaLake
332,PermanentCrop
3320,Highway
3321,PermanentCrop
3322,SeaLake
3323,Forest
3324,Pasture
3325,SeaLake
3326,Residential
3327,PermanentCrop
3328,PermanentCrop
3329,SeaLake
333,AnnualCrop
3330,HerbaceousVegetation
3331,Pasture
3332,River
3333,HerbaceousVegetation
3334,SeaLake
3335,Pasture
3336,Forest
3337,SeaLake
3338,SeaLake
3339,SeaLake
334,Forest
3340,PermanentCrop
3341,PermanentCrop
3342,SeaLake
3343,Pasture
3344,PermanentCrop
3345,AnnualCrop
3346,SeaLake
3347,PermanentCrop
3348,Pasture
3349,Forest
335,Forest
3350,Pasture
3351,PermanentCrop
3352,PermanentCrop
3353,River
3354,SeaLake
3355,PermanentCrop
3356,Residential
3357,Forest
3358,SeaLake
3359,PermanentCrop
336,SeaLake
3360,SeaLake
3361,Highway
3362,SeaLake
3363,HerbaceousVegetation
3364,Highway
3365,PermanentCrop
3366,River
3367,River
3368,River
3369,SeaLake
337,Highway
3370,AnnualCrop
3371,Forest
3372,HerbaceousVegetation
3373,SeaLake
3374,Residential
3375,PermanentCrop
3376,Residential
3377,SeaLake
3378,Pasture
3379,Forest
338,PermanentCrop
3380,AnnualCrop
3381,SeaLake
3382,PermanentCrop
3383,Residential
3384,SeaLake
3385,Forest
3386,PermanentCrop
3387,AnnualCrop
3388,AnnualCrop
3389,Residential
339,PermanentCrop
3390,Forest
3391,Industrial
3392,Industrial
3393,PermanentCrop
3394,Pasture
3395,Forest
3396,HerbaceousVegetation
3397,AnnualCrop
3398,SeaLake
3399,Forest
34,PermanentCrop
340,PermanentCrop
3400,Pasture
3401,HerbaceousVegetation
3402,Forest
3403,PermanentCrop
3404,HerbaceousVegetation
3405,SeaLake
3406,Pasture
3407,Pasture
3408,Residential
3409,SeaLake
341,Forest
3410,SeaLake
3411,Pasture
3412,Pasture
3413,PermanentCrop
3414,Forest
3415,Highway
3416,SeaLake
3417,PermanentCrop
3418,SeaLake
3419,Highway
342,SeaLake
3420,Residential
3421,AnnualCrop
3422,Highway
3423,Residential
3424,SeaLake
3425,Highway
3426,Pasture
3427,SeaLake
3428,River
3429,Forest
343,SeaLake
3430,PermanentCrop
3431,PermanentCrop
3432,Pasture
3433,Pasture
3434,Residential
3435,SeaLake
3436,Forest
3437,Forest
3438,PermanentCrop
3439,Forest
344,HerbaceousVegetation
3440,Industrial
3441,SeaLake
3442,Highway
3443,Pasture
3444,PermanentCrop
3445,SeaLake
3446,Highway
3447,HerbaceousVegetation
3448,Highway
3449,Pasture
345,SeaLake
3450,Pasture
3451,PermanentCrop
3452,SeaLake
3453,Forest
3454,SeaLake
3455,Forest
3456,HerbaceousVegetation
3457,AnnualCrop
3458,AnnualCrop
3459,Forest
346,Industrial
3460,PermanentCrop
3461,Industrial
3462,AnnualCrop
3463,SeaLake
3464,Forest
3465,AnnualCrop
3466,Highway
3467,River
3468,Forest
3469,SeaLake
347,HerbaceousVegetation
3470,Pasture
3471,Highway
3472,Residential
3473,AnnualCrop
3474,SeaLake
3475,Highway
3476,PermanentCrop
3477,HerbaceousVegetation
3478,Pasture
3479,Highway
348,Residential
3480,Pasture
3481,AnnualCrop
3482,Highway
3483,Highway
3484,River
3485,Industrial
3486,AnnualCrop
3487,Forest
3488,Forest
3489,Industrial
349,SeaLake
3490,Pasture
3491,Residential
3492,River
3493,SeaLake
3494,Forest
3495,SeaLake
3496,Highway
3497,SeaLake
3498,HerbaceousVegetation
3499,River
35,AnnualCrop
350,Pasture
3500,Residential
3501,Highway
3502,HerbaceousVegetation
3503,Forest
3504,SeaLake
3505,Forest
3506,PermanentCrop
3507,Pasture
3508,Residential
3509,Forest
351,HerbaceousVegetation
3510,SeaLake
3511,SeaLake
3512,SeaLake
3513,AnnualCrop
3514,Residential
3515,SeaLake
3516,Industrial
3517,AnnualCrop
3518,SeaLake
3519,Pasture
352,AnnualCrop
3520,River
3521,SeaLake
3522,Forest
3523,SeaLake
3524,Highway
3525,SeaLake
3526,AnnualCrop
3527,SeaLake
3528,Pasture
3529,HerbaceousVegetation
353,SeaLake
3530,PermanentCrop
3531,Industrial
3532,Pasture
3533,PermanentCrop
3534,Residential
3535,Pasture
3536,SeaLake
3537,Forest
3538,SeaLake
3539,Highway
354,Forest
3540,Pasture
3541,SeaLake
3542,Highway
3543,PermanentCrop
3544,Pasture
3545,Highway
3546,SeaLake
3547,Forest
3548,AnnualCrop
3549,Highway
355,Highway
3550,SeaLake
3551,Forest
3552,River
3553,SeaLake
3554,PermanentCrop
3555,HerbaceousVegetation
3556,SeaLake
3557,PermanentCrop
3558,SeaLake
3559,River
356,SeaLake
3560,Forest
3561,Industrial
3562,HerbaceousVegetation
3563,Highway
3564,SeaLake
3565,Residential
3566,Highway
3567,SeaLake
3568,SeaLake
3569,Highway
357,SeaLake
3570,SeaLake
3571,Highway
3572,SeaLake
3573,SeaLake
3574,Pasture
3575,Residential
3576,River
3577,PermanentCrop
3578,Pasture
3579,SeaLake
358,SeaLake
3580,PermanentCrop
3581,Forest
3582,Residential
3583,PermanentCrop
3584,Industrial
3585,SeaLake
3586,Forest
3587,SeaLake
3588,AnnualCrop
3589,SeaLake
359,Forest
3590,Forest
3591,Residential
3592,HerbaceousVegetation
3593,Pasture
3594,SeaLake
3595,SeaLake
3596,SeaLake
3597,PermanentCrop
3598,Pasture
3599,HerbaceousVegetation
36,SeaLake
360,SeaLake
3600,HerbaceousVegetation
3601,PermanentCrop
3602,SeaLake
3603,AnnualCrop
3604,SeaLake
3605,HerbaceousVegetation
3606,PermanentCrop
3607,Industrial
3608,SeaLake
3609,Forest
361,AnnualCrop
3610,SeaLake
3611,SeaLake
3612,SeaLake
3613,AnnualCrop
3614,Pasture
3615,Pasture
3616,SeaLake
3617,Forest
3618,Pasture
3619,River
362,River
3620,SeaLake
3621,Pasture
3622,Forest
3623,PermanentCrop
3624,Pasture
3625,HerbaceousVegetation
3626,SeaLake
3627,Highway
3628,Forest
3629,SeaLake
363,AnnualCrop
3630,SeaLake
3631,PermanentCrop
3632,Pasture
3633,Highway
3634,Industrial
3635,Highway
3636,Forest
3637,SeaLake
3638,River
3639,SeaLake
364,Forest
3640,Residential
3641,Pasture
3642,Highway
3643,Forest
3644,HerbaceousVegetation
3645,PermanentCrop
3646,Highway
3647,SeaLake
3648,PermanentCrop
3649,AnnualCrop
365,Pasture
3650,PermanentCrop
3651,Forest
3652,Highway
3653,Residential
3654,Forest
3655,Industrial
3656,SeaLake
3657,AnnualCrop
3658,Highway
3659,Highway
366,Highway
3660,AnnualCrop
3661,PermanentCrop
3662,Forest
3663,AnnualCrop
3664,SeaLake
3665,SeaLake
3666,PermanentCrop
3667,PermanentCrop
3668,HerbaceousVegetation
3669,SeaLake
367,Residential
3670,Highway
3671,Highway
3672,Forest
3673,PermanentCrop
3674,SeaLake
3675,SeaLake
3676,Residential
3677,SeaLake
3678,River
3679,AnnualCrop
368,Highway
3680,Pasture
3681,Highway
3682,PermanentCrop
3683,SeaLake
3684,Forest
3685,Highway
3686,Pasture
3687,SeaLake
3688,AnnualCrop
3689,SeaLake
369,SeaLake
3690,SeaLake
3691,SeaLake
3692,SeaLake
3693,SeaLake
3694,Industrial
3695,AnnualCrop
3696,SeaLake
3697,Pasture
3698,Residential
3699,Pasture
37,PermanentCrop
370,AnnualCrop
3700,Pasture
3701,Residential
3702,SeaLake
3703,SeaLake
3704,SeaLake
3705,HerbaceousVegetation
3706,AnnualCrop
3707,Pasture
3708,Highway
3709,Residential
371,SeaLake
3710,Pasture
3711,PermanentCrop
3712,Pasture
3713,Pasture
3714,SeaLake
3715,HerbaceousVegetation
3716,SeaLake
3717,Residential
3718,SeaLake
3719,SeaLake
372,SeaLake
3720,PermanentCrop
3721,Residential
3722,SeaLake
3723,Residential
3724,SeaLake
3725,PermanentCrop
3726,SeaLake
3727,Residential
3728,Pasture
3729,River
373,Residential
3730,Residential
3731,PermanentCrop
3732,SeaLake
3733,SeaLake
3734,SeaLake
3735,Pasture
3736,Industrial
3737,PermanentCrop
3738,Forest
3739,Forest
374,SeaLake
3740,PermanentCrop
3741,HerbaceousVegetation
3742,Residential
3743,Highway
3744,Highway
3745,AnnualCrop
3746,Industrial
3747,PermanentCrop
3748,PermanentCrop
3749,Residential
375,Pasture
3750,Industrial
3751,SeaLake
3752,PermanentCrop
3753,PermanentCrop
3754,Forest
3755,Residential
3756,Forest
3757,SeaLake
3758,AnnualCrop
3759,PermanentCrop
376,SeaLake
3760,PermanentCrop
3761,PermanentCrop
3762,AnnualCrop
3763,SeaLake
3764,Forest
3765,Residential
3766,PermanentCrop
3767,Forest
3768,Forest
3769,Highway
377,PermanentCrop
3770,Residential
3771,SeaLake
3772,Residential
3773,Residential
3774,AnnualCrop
3775,HerbaceousVegetation
3776,Industrial
3777,Highway
3778,Pasture
3779,SeaLake
378,PermanentCrop
3780,River
3781,SeaLake
3782,HerbaceousVegetation
3783,Highway
3784,Industrial
3785,SeaLake
3786,SeaLake
3787,Highway
3788,Highway
3789,PermanentCrop
379,PermanentCrop
3790,Pasture
3791,HerbaceousVegetation
3792,HerbaceousVegetation
3793,Forest
3794,Highway
3795,SeaLake
3796,PermanentCrop
3797,PermanentCrop
3798,SeaLake
3799,PermanentCrop
38,SeaLake
380,SeaLake
3800,PermanentCrop
3801,Pasture
3802,Pasture
3803,SeaLake
3804,Industrial
3805,SeaLake
3806,Forest
3807,Forest
3808,AnnualCrop
3809,SeaLake
381,Pasture
3810,AnnualCrop
3811,Industrial
3812,SeaLake
3813,Highway
3814,PermanentCrop
3815,Highway
3816,Forest
3817,SeaLake
3818,AnnualCrop
3819,PermanentCrop
382,SeaLake
3820,PermanentCrop
3821,SeaLake
3822,PermanentCrop
3823,Residential
3824,SeaLake
3825,Residential
3826,Forest
3827,Highway
3828,River
3829,SeaLake
383,HerbaceousVegetation
3830,Highway
3831,Pasture
3832,Forest
3833,Industrial
3834,HerbaceousVegetation
3835,SeaLake
3836,SeaLake
3837,SeaLake
3838,HerbaceousVegetation
3839,River
384,Industrial
3840,SeaLake
3841,Industrial
3842,AnnualCrop
3843,Residential
3844,Forest
3845,HerbaceousVegetation
3846,SeaLake
3847,Residential
3848,Highway
3849,SeaLake
385,PermanentCrop
3850,Residential
3851,Forest
3852,SeaLake
3853,SeaLake
3854,SeaLake
3855,PermanentCrop
3856,Residential
3857,SeaLake
3858,SeaLake
3859,PermanentCrop
386,Forest
3860,SeaLake
3861,Pasture
3862,SeaLake
3863,Highway
3864,Highway
3865,Forest
3866,River
3867,Residential
3868,Residential
3869,Highway
387,PermanentCrop
3870,Forest
3871,Pasture
3872,AnnualCrop
3873,Residential
3874,SeaLake
3875,Residential
3876,Highway
3877,PermanentCrop
3878,Forest
3879,PermanentCrop
388,Pasture
3880,AnnualCrop
3881,Pasture
3882,Residential
3883,Pasture
3884,Residential
3885,Residential
3886,AnnualCrop
3887,SeaLake
3888,Industrial
3889,Pasture
389,HerbaceousVegetation
3890,Pasture
3891,Forest
3892,Pasture
3893,Forest
3894,PermanentCrop
3895,HerbaceousVegetation
3896,SeaLake
3897,Pasture
3898,Residential
3899,AnnualCrop
39,SeaLake
390,PermanentCrop
3900,SeaLake
3901,Pasture
3902,SeaLake
3903,Pasture
3904,Residential
3905,HerbaceousVegetation
3906,Highway
3907,Highway
3908,SeaLake
3909,Highway
391,SeaLake
3910,SeaLake
3911,Residential
3912,Pasture
3913,AnnualCrop
3914,SeaLake
3915,PermanentCrop
3916,SeaLake
3917,Forest
3918,Residential
3919,SeaLake
392,Pasture
3920,AnnualCrop
3921,Forest
3922,Pasture
3923,SeaLake
3924,SeaLake
3925,AnnualCrop
3926,SeaLake
3927,SeaLake
3928,PermanentCrop
3929,Pasture
393,Forest
3930,Highway
3931,AnnualCrop
3932,HerbaceousVegetation
3933,Highway
3934,SeaLake
3935,SeaLake
3936,SeaLake
3937,Industrial
3938,Industrial
3939,SeaLake
394,Highway
3940,Highway
3941,SeaLake
3942,Pasture
3943,PermanentCrop
3944,Highway
3945,Forest
3946,Industrial
3947,HerbaceousVegetation
3948,SeaLake
3949,PermanentCrop
395,Pasture
3950,PermanentCrop
3951,Forest
3952,Pasture
3953,Forest
3954,HerbaceousVegetation
3955,SeaLake
3956,AnnualCrop
3957,SeaLake
3958,Highway
3959,AnnualCrop
396,SeaLake
3960,SeaLake
3961,Residential
3962,Pasture
3963,SeaLake
3964,Forest
3965,SeaLake
3966,Residential
3967,River
3968,Forest
3969,SeaLake
397,AnnualCrop
3970,Residential
3971,Forest
3972,Forest
3973,SeaLake
3974,Pasture
3975,Residential
3976,SeaLake
3977,AnnualCrop
3978,Forest
3979,River
398,SeaLake
3980,SeaLake
3981,HerbaceousVegetation
3982,HerbaceousVegetation
3983,River
3984,SeaLake
3985,River
3986,PermanentCrop
3987,AnnualCrop
3988,Forest
3989,River
399,Pasture
3990,AnnualCrop
3991,PermanentCrop
3992,AnnualCrop
3993,Pasture
3994,Forest
3995,Pasture
3996,Forest
3997,HerbaceousVegetation
3998,Industrial
3999,Forest
4,HerbaceousVegetation
40,Forest
400,AnnualCrop
4000,SeaLake
4001,Highway
4002,Industrial
4003,Pasture
4004,Residential
4005,Highway
4006,SeaLake
4007,SeaLake
4008,Industrial
4009,SeaLake
401,Forest
4010,HerbaceousVegetation
4011,Forest
4012,Pasture
4013,HerbaceousVegetation
4014,SeaLake
4015,Industrial
4016,PermanentCrop
4017,SeaLake
4018,Pasture
4019,HerbaceousVegetation
402,HerbaceousVegetation
4020,SeaLake
4021,Forest
4022,Residential
4023,Highway
4024,AnnualCrop
4025,AnnualCrop
4026,SeaLake
4027,Highway
4028,PermanentCrop
4029,Residential
403,PermanentCrop
4030,River
4031,Pasture
4032,SeaLake
4033,PermanentCrop
4034,SeaLake
4035,Pasture
4036,HerbaceousVegetation
4037,Highway
4038,Pasture
4039,SeaLake
404,SeaLake
4040,SeaLake
4041,SeaLake
4042,Highway
4043,SeaLake
4044,SeaLake
4045,Residential
4046,AnnualCrop
4047,SeaLake
4048,Pasture
4049,HerbaceousVegetation
405,Pasture
4050,Forest
4051,HerbaceousVegetation
4052,Highway
4053,River
4054,Highway
4055,SeaLake
4056,PermanentCrop
4057,Pasture
4058,SeaLake
4059,SeaLake
406,Pasture
4060,Residential
4061,Forest
4062,SeaLake
4063,PermanentCrop
4064,SeaLake
4065,SeaLake
4066,Pasture
4067,SeaLake
4068,PermanentCrop
4069,River
407,Highway
4070,Pasture
4071,PermanentCrop
4072,Residential
4073,PermanentCrop
4074,Residential
4075,SeaLake
4076,AnnualCrop
4077,SeaLake
4078,HerbaceousVegetation
4079,PermanentCrop
408,PermanentCrop
4080,Pasture
4081,PermanentCrop
4082,Pasture
4083,SeaLake
4084,Industrial
4085,SeaLake
4086,Industrial
4087,Residential
4088,SeaLake
4089,SeaLake
409,Pasture
4090,PermanentCrop
4091,SeaLake
4092,SeaLake
4093,SeaLake
4094,AnnualCrop
4095,Pasture
4096,Residential
4097,Forest
4098,River
4099,SeaLake
41,Pasture
410,Industrial
4100,Highway
4101,SeaLake
4102,Pasture
4103,PermanentCrop
4104,SeaLake
4105,SeaLake
4106,Highway
4107,SeaLake
4108,Residential
4109,SeaLake
411,Residential
4110,SeaLake
4111,HerbaceousVegetation
4112,Highway
4113,Pasture
4114,SeaLake
4115,PermanentCrop
4116,AnnualCrop
4117,AnnualCrop
4118,Industrial
4119,SeaLake
412,Residential
4120,PermanentCrop
4121,PermanentCrop
4122,PermanentCrop
4123,Pasture
4124,Residential
4125,Forest
4126,Highway
4127,SeaLake
4128,SeaLake
4129,HerbaceousVegetation
413,HerbaceousVegetation
4130,SeaLake
4131,SeaLake
4132,AnnualCrop
4133,PermanentCrop
4134,Residential
4135,SeaLake
4136,Residential
4137,Highway
4138,Forest
4139,PermanentCrop
414,Forest
4140,Pasture
4141,Forest
4142,AnnualCrop
4143,Forest
4144,AnnualCrop
4145,PermanentCrop
4146,AnnualCrop
4147,PermanentCrop
4148,Forest
4149,Residential
415,HerbaceousVegetation
4150,Pasture
4151,Residential
4152,Forest
4153,Forest
4154,Highway
4155,Forest
4156,SeaLake
4157,Pasture
4158,Pasture
4159,PermanentCrop
416,Residential
4160,Pasture
4161,Highway
4162,Residential
4163,Forest
4164,Pasture
4165,PermanentCrop
4166,Pasture
4167,AnnualCrop
4168,SeaLake
4169,PermanentCrop
417,Industrial
4170,SeaLake
4171,Highway
4172,Forest
4173,PermanentCrop
4174,River
4175,HerbaceousVegetation
4176,Residential
4177,AnnualCrop
4178,PermanentCrop
4179,Highway
418,Forest
4180,Pasture
4181,Forest
4182,PermanentCrop
4183,PermanentCrop
4184,SeaLake
4185,HerbaceousVegetation
4186,Pasture
4187,PermanentCrop
4188,PermanentCrop
4189,SeaLake
419,Pasture
4190,Pasture
4191,HerbaceousVegetation
4192,Industrial
4193,SeaLake
4194,AnnualCrop
4195,HerbaceousVegetation
4196,Highway
4197,SeaLake
4198,SeaLake
4199,Pasture
42,Highway
420,River
4200,Forest
4201,Forest
4202,PermanentCrop
4203,AnnualCrop
4204,PermanentCrop
4205,Pasture
4206,SeaLake
4207,Forest
4208,Highway
4209,Pasture
421,Forest
4210,Industrial
4211,Highway
4212,PermanentCrop
4213,Residential
4214,Forest
4215,Highway
4216,Residential
4217,Industrial
4218,Forest
4219,AnnualCrop
422,Industrial
4220,Highway
4221,HerbaceousVegetation
4222,Forest
4223,Residential
4224,SeaLake
4225,SeaLake
4226,Forest
4227,Forest
4228,Highway
4229,River
423,Pasture
4230,Residential
4231,Forest
424,HerbaceousVegetation
425,Forest
426,AnnualCrop
427,Pasture
428,Pasture
429,Industrial
43,SeaLake
430,HerbaceousVegetation
431,HerbaceousVegetation
432,Pasture
433,Highway
434,Highway
435,SeaLake
436,HerbaceousVegetation
437,River
438,SeaLake
439,HerbaceousVegetation
44,Pasture
440,HerbaceousVegetation
441,SeaLake
442,SeaLake
443,SeaLake
444,AnnualCrop
445,Forest
446,Highway
447,SeaLake
448,HerbaceousVegetation
449,Pasture
45,Pasture
450,River
451,SeaLake
452,SeaLake
453,HerbaceousVegetation
454,Residential
455,SeaLake
456,SeaLake
457,Industrial
458,AnnualCrop
459,Residential
46,HerbaceousVegetation
460,AnnualCrop
461,Pasture
462,Residential
463,SeaLake
464,Pasture
465,SeaLake
466,SeaLake
467,HerbaceousVegetation
468,Pasture
469,Pasture
47,SeaLake
470,Pasture
471,SeaLake
472,Forest
473,SeaLake
474,AnnualCrop
475,Residential
476,Forest
477,Pasture
478,SeaLake
479,Pasture
48,Highway
480,Highway
481,SeaLake
482,River
483,Industrial
484,PermanentCrop
485,Industrial
486,Pasture
487,PermanentCrop
488,SeaLake
489,Highway
49,Forest
490,HerbaceousVegetation
491,Highway
492,AnnualCrop
493,Pasture
494,Forest
495,SeaLake
496,SeaLake
497,Pasture
498,River
499,SeaLake
5,AnnualCrop
50,AnnualCrop
500,HerbaceousVegetation
501,River
502,Forest
503,SeaLake
504,River
505,Residential
506,SeaLake
507,Residential
508,Highway
509,Forest
51,River
510,Residential
511,SeaLake
512,River
513,River
514,SeaLake
515,Forest
516,Forest
517,PermanentCrop
518,SeaLake
519,AnnualCrop
52,SeaLake
520,Residential
521,Pasture
522,HerbaceousVegetation
523,Pasture
524,Pasture
525,HerbaceousVegetation
526,PermanentCrop
527,Pasture
528,SeaLake
529,Forest
53,HerbaceousVegetation
530,Industrial
531,SeaLake
532,Industrial
533,Forest
534,Pasture
535,Pasture
536,AnnualCrop
537,SeaLake
538,Residential
539,Pasture
54,Industrial
540,Pasture
541,HerbaceousVegetation
542,Industrial
543,PermanentCrop
544,AnnualCrop
545,SeaLake
546,SeaLake
547,HerbaceousVegetation
548,Highway
549,PermanentCrop
55,Pasture
550,Pasture
551,Pasture
552,AnnualCrop
553,PermanentCrop
554,SeaLake
555,Highway
556,SeaLake
557,SeaLake
558,AnnualCrop
559,Highway
56,Residential
560,SeaLake
561,Industrial
562,Pasture
563,Residential
564,Industrial
565,Highway
566,Pasture
567,AnnualCrop
568,PermanentCrop
569,SeaLake
57,Pasture
570,Forest
571,SeaLake
572,PermanentCrop
573,Industrial
574,HerbaceousVegetation
575,Industrial
576,Industrial
577,Pasture
578,PermanentCrop
579,PermanentCrop
58,SeaLake
580,Residential
581,HerbaceousVegetation
582,Residential
583,SeaLake
584,Forest
585,Highway
586,PermanentCrop
587,Pasture
588,AnnualCrop
589,Industrial
59,Highway
590,PermanentCrop
591,Industrial
592,Pasture
593,Residential
594,SeaLake
595,PermanentCrop
596,SeaLake
597,SeaLake
598,SeaLake
599,PermanentCrop
6,SeaLake
60,Forest
600,SeaLake
601,AnnualCrop
602,Residential
603,AnnualCrop
604,PermanentCrop
605,Residential
606,SeaLake
607,Highway
608,SeaLake
609,Forest
61,HerbaceousVegetation
610,HerbaceousVegetation
611,Pasture
612,Industrial
613,Residential
614,Residential
615,Forest
616,Highway
617,Pasture
618,Residential
619,Highway
62,Residential
620,SeaLake
621,Forest
622,PermanentCrop
623,PermanentCrop
624,SeaLake
625,SeaLake
626,PermanentCrop
627,Pasture
628,Industrial
629,SeaLake
63,Highway
630,SeaLake
631,PermanentCrop
632,PermanentCrop
633,PermanentCrop
634,SeaLake
635,PermanentCrop
636,SeaLake
637,HerbaceousVegetation
638,PermanentCrop
639,Industrial
64,SeaLake
640,Pasture
641,PermanentCrop
642,Highway
643,Highway
644,AnnualCrop
645,Residential
646,Highway
647,PermanentCrop
648,AnnualCrop
649,SeaLake
65,SeaLake
650,SeaLake
651,Highway
652,PermanentCrop
653,HerbaceousVegetation
654,AnnualCrop
655,PermanentCrop
656,AnnualCrop
657,Forest
658,SeaLake
659,River
66,SeaLake
660,SeaLake
661,SeaLake
662,Pasture
663,Pasture
664,Pasture
665,Pasture
666,Pasture
667,SeaLake
668,PermanentCrop
669,AnnualCrop
67,SeaLake
670,Residential
671,AnnualCrop
672,AnnualCrop
673,Forest
674,SeaLake
675,SeaLake
676,HerbaceousVegetation
677,PermanentCrop
678,Pasture
679,HerbaceousVegetation
68,SeaLake
680,Highway
681,SeaLake
682,Forest
683,Forest
684,Residential
685,SeaLake
686,AnnualCrop
687,Residential
688,Pasture
689,Residential
69,SeaLake
690,Forest
691,Highway
692,SeaLake
693,River
694,Industrial
695,SeaLake
696,Residential
697,Pasture
698,Highway
699,PermanentCrop
7,SeaLake
70,SeaLake
700,Pasture
701,Pasture
702,Forest
703,Highway
704,Pasture
705,Pasture
706,HerbaceousVegetation
707,PermanentCrop
708,Forest
709,SeaLake
71,Pasture
710,Forest
711,Highway
712,Industrial
713,HerbaceousVegetation
714,Forest
715,SeaLake
716,Pasture
717,Highway
718,HerbaceousVegetation
719,Pasture
72,Highway
720,Pasture
721,Industrial
722,Pasture
723,Residential
724,Pasture
725,PermanentCrop
726,SeaLake
727,HerbaceousVegetation
728,SeaLake
729,Forest
73,SeaLake
730,HerbaceousVegetation
731,Pasture
732,River
733,River
734,Pasture
735,Residential
736,Highway
737,SeaLake
738,Highway
739,AnnualCrop
74,Pasture
740,Pasture
741,Industrial
742,SeaLake
743,AnnualCrop
744,PermanentCrop
745,Forest
746,SeaLake
747,Forest
748,Industrial
749,Industrial
75,Pasture
750,SeaLake
751,Residential
752,Highway
753,Residential
754,Highway
755,SeaLake
756,SeaLake
757,SeaLake
758,Forest
759,PermanentCrop
76,AnnualCrop
760,Highway
761,Residential
762,Pasture
763,SeaLake
764,PermanentCrop
765,Forest
766,Forest
767,SeaLake
768,Pasture
769,AnnualCrop
77,HerbaceousVegetation
770,SeaLake
771,Pasture
772,HerbaceousVegetation
773,SeaLake
774,SeaLake
775,Residential
776,AnnualCrop
777,SeaLake
778,PermanentCrop
779,Industrial
78,Forest
780,Pasture
781,Forest
782,SeaLake
783,HerbaceousVegetation
784,Pasture
785,SeaLake
786,Pasture
787,PermanentCrop
788,Pasture
789,Residential
79,SeaLake
790,Residential
791,SeaLake
792,Pasture
793,Pasture
794,Residential
795,PermanentCrop
796,HerbaceousVegetation
797,SeaLake
798,SeaLake
799,Forest
8,HerbaceousVegetation
80,PermanentCrop
800,Forest
801,Forest
802,Forest
803,Residential
804,Forest
805,AnnualCrop
806,PermanentCrop
807,Forest
808,Highway
809,Highway
81,Forest
810,Industrial
811,HerbaceousVegetation
812,AnnualCrop
813,Industrial
814,SeaLake
815,SeaLake
816,SeaLake
817,Highway
818,Highway
819,Residential
82,Pasture
820,Pasture
821,Industrial
822,SeaLake
823,PermanentCrop
824,SeaLake
825,River
826,River
827,Forest
828,SeaLake
829,SeaLake
83,Residential
830,Highway
831,Industrial
832,HerbaceousVegetation
833,River
834,Highway
835,River
836,PermanentCrop
837,Residential
838,Forest
839,PermanentCrop
84,SeaLake
840,SeaLake
841,PermanentCrop
842,SeaLake
843,Highway
844,Forest
845,SeaLake
846,SeaLake
847,Pasture
848,Forest
849,Residential
85,SeaLake
850,River
851,Industrial
852,Pasture
853,SeaLake
854,Pasture
855,Forest
856,HerbaceousVegetation
857,SeaLake
858,Highway
859,Forest
86,SeaLake
860,SeaLake
861,Forest
862,Highway
863,PermanentCrop
864,Pasture
865,SeaLake
866,AnnualCrop
867,SeaLake
868,Forest
869,SeaLake
87,Pasture
870,River
871,Residential
872,Industrial
873,Industrial
874,Pasture
875,Pasture
876,Industrial
877,Pasture
878,HerbaceousVegetation
879,HerbaceousVegetation
88,Forest
880,Forest
881,River
882,Industrial
883,Forest
884,SeaLake
885,AnnualCrop
886,PermanentCrop
887,SeaLake
888,AnnualCrop
889,SeaLake
89,SeaLake
890,Residential
891,River
892,PermanentCrop
893,SeaLake
894,AnnualCrop
895,River
896,River
897,Highway
898,PermanentCrop
899,SeaLake
9,AnnualCrop
90,HerbaceousVegetation
900,PermanentCrop
901,Forest
902,Forest
903,River
904,Forest
905,SeaLake
906,Pasture
907,SeaLake
908,PermanentCrop
909,SeaLake
91,PermanentCrop
910,SeaLake
911,Industrial
912,AnnualCrop
913,Industrial
914,Forest
915,Pasture
916,Forest
917,SeaLake
918,HerbaceousVegetation
919,SeaLake
92,SeaLake
920,SeaLake
921,SeaLake
922,Highway
923,SeaLake
924,AnnualCrop
925,PermanentCrop
926,Forest
927,Forest
928,PermanentCrop
929,AnnualCrop
93,SeaLake
930,Highway
931,SeaLake
932,Pasture
933,Industrial
934,Pasture
935,SeaLake
936,AnnualCrop
937,Pasture
938,SeaLake
939,SeaLake
94,AnnualCrop
940,Forest
941,Forest
942,Forest
943,PermanentCrop
944,HerbaceousVegetation
945,Residential
946,Forest
947,Forest
948,SeaLake
949,Forest
95,SeaLake
950,PermanentCrop
951,SeaLake
952,River
953,AnnualCrop
954,River
955,SeaLake
956,SeaLake
957,HerbaceousVegetation
958,Pasture
959,HerbaceousVegetation
96,Forest
960,SeaLake
961,Highway
962,Highway
963,PermanentCrop
964,SeaLake
965,AnnualCrop
966,SeaLake
967,AnnualCrop
968,PermanentCrop
969,Forest
97,River
970,Residential
971,SeaLake
972,Industrial
973,PermanentCrop
974,PermanentCrop
975,SeaLake
976,SeaLake
977,HerbaceousVegetation
978,SeaLake
979,AnnualCrop
98,Residential
980,AnnualCrop
981,HerbaceousVegetation
982,Pasture
983,HerbaceousVegetation
984,AnnualCrop
985,PermanentCrop
986,HerbaceousVegetation
987,Highway
988,AnnualCrop
989,PermanentCrop
99,HerbaceousVegetation
990,HerbaceousVegetation
991,SeaLake
992,SeaLake
993,Residential
994,SeaLake
995,Residential
996,SeaLake
997,Highway
998,Pasture
999,SeaLake
